epoch,generation,walltime_sec,pure_train_chi2,test_chi2,test1_frac,test2_frac,test3_frac,test4_frac,test5_frac,test6_frac,test7_frac,test8_frac,other_frac,other_chi2,other_n_classes,l1_loss,l2_loss,regularization_loss,density,n_zero_edges,n_classes,doubled_class,seed,l1_scale,l2_scale,num_epoch,train_class_idx,replicate_uid
0,0,8.562525033950806,0.998003,0.998008,0.0,0.0,0.0,0.0,0.0,0.0,0.001,0.0,0.999,0.05473441409377345,1873,0.0,0.0,0.0,1.0,0,3,-1,1,0.995,0.005,100,"0,3,6",f73daebf-84cf-470b-812c-19b2ad8e8edc
1,100,8.572930097579956,0.998003,0.998008,0.0,0.0,0.0,0.0,0.0,0.0,0.001,0.0,0.999,0.05435866296727157,1874,2.0331670826930875e-05,6.424587422853732e-10,4.450724811176203e-06,1.0,0,3,-1,1,0.995,0.005,100,"0,3,6",f73daebf-84cf-470b-812c-19b2ad8e8edc
2,200,8.580743789672852,0.998003,0.998008,0.0,0.0,0.0,0.0,0.0,0.0,0.001,0.0,0.999,0.05473441409377345,1873,2.8007899324846697e-05,1.2128006267073632e-09,6.1311595943280165e-06,1.0,0,3,-1,1,0.995,0.005,100,"0,3,6",f73daebf-84cf-470b-812c-19b2ad8e8edc
3,300,8.588457107543945,0.998003,0.998008,0.0,0.0,0.0,0.0,0.0,0.0,0.001,0.0,0.999,0.05473441409377345,1873,3.523481550180076e-05,1.8776164187725973e-09,7.713257860463754e-06,1.0,0,3,-1,1,0.995,0.005,100,"0,3,6",f73daebf-84cf-470b-812c-19b2ad8e8edc
4,400,8.596117973327637,0.998003,0.998008,0.0,0.0,0.0,0.0,0.0,0.0,0.001,0.0,0.999,0.05473441409377345,1873,3.713460321533411e-05,2.1254402824977824e-09,8.129168477490312e-06,1.0,0,3,-1,1,0.995,0.005,100,"0,3,6",f73daebf-84cf-470b-812c-19b2ad8e8edc
5,500,8.60395884513855,0.998003,0.998008,0.0,0.0,0.0,0.0,0.0,0.0,0.001,0.0,0.999,0.05435866296727157,1874,4.122725687003108e-05,2.6983934265864188e-09,9.025159223600856e-06,1.0,0,3,-1,1,0.995,0.005,100,"0,3,6",f73daebf-84cf-470b-812c-19b2ad8e8edc
6,600,8.611637115478516,0.998003,0.998008,0.0,0.0,0.0,0.0,0.0,0.0,0.001,0.0,0.999,0.05473441409377345,1873,4.457268245613829e-05,3.113275866114858e-09,9.757551712063235e-06,1.0,0,3,-1,1,0.995,0.005,100,"0,3,6",f73daebf-84cf-470b-812c-19b2ad8e8edc
7,700,8.619263887405396,0.998003,0.998008,0.0,0.0,0.0,0.0,0.0,0.0,0.001,0.0,0.999,0.05435866296727157,1874,4.849312567499952e-05,3.7077965936990717e-09,1.0615849691610197e-05,1.0,0,3,-1,1,0.995,0.005,100,"0,3,6",f73daebf-84cf-470b-812c-19b2ad8e8edc
8,800,8.62691879272461,0.998003,0.998008,0.0,0.0,0.0,0.0,0.0,0.0,0.001,0.0,0.999,0.0539819098377657,1875,5.769735829968312e-05,5.000966059692961e-09,1.2630901915351978e-05,1.0,0,3,-1,1,0.995,0.005,100,"0,3,6",f73daebf-84cf-470b-812c-19b2ad8e8edc
9,900,8.634573936462402,0.998003,0.998008,0.0,0.0,0.0,0.0,0.0,0.0,0.001,0.0,0.999,0.05435866296727157,1874,5.9238515773487516e-05,5.626045701915888e-09,1.296838005149978e-05,1.0,0,3,-1,1,0.995,0.005,100,"0,3,6",f73daebf-84cf-470b-812c-19b2ad8e8edc
10,1000,8.642219066619873,0.998003,0.998008,0.0,0.0,0.0,0.0,0.0,0.0,0.001,0.0,0.999,0.05435866296727157,1874,6.32591485623762e-05,6.415202955301467e-09,1.3848646508865659e-05,1.0,0,3,-1,1,0.995,0.005,100,"0,3,6",f73daebf-84cf-470b-812c-19b2ad8e8edc
11,1100,8.6498384475708,0.998003,0.998008,0.0,0.0,0.0,0.0,0.0,0.0,0.001,0.0,0.999,0.05435866296727157,1874,6.842981542526409e-05,7.141470168321874e-09,1.4980643475922291e-05,1.0,0,3,-1,1,0.995,0.005,100,"0,3,6",f73daebf-84cf-470b-812c-19b2ad8e8edc
12,1200,8.657475709915161,0.998003,0.998008,0.0,0.0,0.0,0.0,0.0,0.0,0.001,0.0,0.999,0.05435866296727157,1874,6.842981542526409e-05,7.141470168321874e-09,1.4980643475922291e-05,1.0,0,3,-1,1,0.995,0.005,100,"0,3,6",f73daebf-84cf-470b-812c-19b2ad8e8edc
13,1300,8.665093183517456,0.998003,0.998008,0.0,0.0,0.0,0.0,0.0,0.0,0.001,0.0,0.999,0.054358662967271584,1874,7.279032579948198e-05,8.253762224478206e-09,1.5935370532329258e-05,1.0,0,3,-1,1,0.995,0.005,100,"0,3,6",f73daebf-84cf-470b-812c-19b2ad8e8edc
14,1400,8.672738552093506,0.998003,0.998008,0.0,0.0,0.0,0.0,0.0,0.0,0.001,0.0,0.999,0.054358662967271584,1874,7.480357734114098e-05,8.908537443042066e-09,1.637619570208994e-05,1.0,0,3,-1,1,0.995,0.005,100,"0,3,6",f73daebf-84cf-470b-812c-19b2ad8e8edc
15,1600,8.680375814437866,0.998003,0.998008,0.0,0.0,0.0,0.0,0.0,0.0,0.001,0.0,0.999,0.05360415470525581,1876,8.412512357849947e-05,1.0836195467600266e-08,1.8417048428472377e-05,1.0,0,3,-1,1,0.995,0.005,100,"0,3,6",f73daebf-84cf-470b-812c-19b2ad8e8edc
16,1700,8.688102722167969,0.998003,0.998008,0.0,0.0,0.0,0.0,0.0,0.0,0.001,0.0,0.999,0.05360415470525581,1876,8.412512357849947e-05,1.0836195467600266e-08,1.8417048428472377e-05,1.0,0,3,-1,1,0.995,0.005,100,"0,3,6",f73daebf-84cf-470b-812c-19b2ad8e8edc
17,1900,8.69576621055603,0.998003,0.998008,0.0,0.0,0.0,0.0,0.0,0.0,0.001,0.0,0.999,0.0539819098377657,1875,9.043993540858568e-05,1.2421527893746321e-08,1.979966195123922e-05,1.0,0,3,-1,1,0.995,0.005,100,"0,3,6",f73daebf-84cf-470b-812c-19b2ad8e8edc
18,2000,8.703394889831543,0.998003,0.998008,0.0,0.0,0.0,0.0,0.0,0.0,0.001,0.0,0.999,0.05360415470525581,1876,8.962335441700546e-05,1.2409768768005194e-08,1.9620910137948417e-05,1.0,0,3,-1,1,0.995,0.005,100,"0,3,6",f73daebf-84cf-470b-812c-19b2ad8e8edc
19,2300,8.711105346679688,0.998003,0.998008,0.0,0.0,0.0,0.0,0.0,0.0,0.001,0.0,0.999,0.053604154705255806,1876,8.98356783033615e-05,1.2657159362931185e-08,1.966743484088479e-05,1.0,0,3,-1,1,0.995,0.005,100,"0,3,6",f73daebf-84cf-470b-812c-19b2ad8e8edc
20,2400,8.718800783157349,0.998003,0.998008,0.0,0.0,0.0,0.0,0.0,0.0,0.001,0.0,0.999,0.0539819098377657,1875,9.202482925256393e-05,1.3185579493907879e-08,2.014674038349009e-05,1.0,0,3,-1,1,0.995,0.005,100,"0,3,6",f73daebf-84cf-470b-812c-19b2ad8e8edc
21,2700,8.726455926895142,0.998003,0.998008,0.0,0.0,0.0,0.0,0.0,0.0,0.001,0.0,0.999,0.05398190983776569,1875,9.471611222761931e-05,1.4562859273965337e-08,2.073612390988792e-05,1.0,0,3,-1,1,0.995,0.005,100,"0,3,6",f73daebf-84cf-470b-812c-19b2ad8e8edc
22,2800,8.734079837799072,0.998003,0.998008,0.0,0.0,0.0,0.0,0.0,0.0,0.001,0.0,0.999,0.05398190983776569,1875,9.471611222761931e-05,1.4562859273965337e-08,2.073612390988792e-05,1.0,0,3,-1,1,0.995,0.005,100,"0,3,6",f73daebf-84cf-470b-812c-19b2ad8e8edc
23,3200,8.741712808609009,0.998003,0.998008,0.0,0.0,0.0,0.0,0.0,0.0,0.001,0.0,0.999,0.05398190983776569,1875,0.00010576357799639021,1.7999206295937024e-08,2.3155067072606046e-05,1.0,0,3,-1,1,0.995,0.005,100,"0,3,6",f73daebf-84cf-470b-812c-19b2ad8e8edc
24,3300,8.749346733093262,0.998003,0.998008,0.0,0.0,0.0,0.0,0.0,0.0,0.001,0.0,0.999,0.05398190983776569,1875,0.00010582964834698528,1.8256030815304964e-08,2.3169578669009985e-05,1.0,0,3,-1,1,0.995,0.005,100,"0,3,6",f73daebf-84cf-470b-812c-19b2ad8e8edc
25,3900,8.757004022598267,0.998003,0.998008,0.0,0.0,0.0,0.0,0.0,0.0,0.001,0.0,0.999,0.053225397569741914,1877,0.00011695702666388577,2.1922394276589112e-08,2.560605839163715e-05,1.0,0,3,-1,1,0.995,0.005,100,"0,3,6",f73daebf-84cf-470b-812c-19b2ad8e8edc
26,4000,8.76462984085083,0.998003,0.998008,0.0,0.0,0.0,0.0,0.0,0.0,0.001,0.0,0.999,0.053225397569741914,1877,0.00011960895047670533,2.241537267911215e-08,2.6186658180159828e-05,1.0,0,3,-1,1,0.995,0.005,100,"0,3,6",f73daebf-84cf-470b-812c-19b2ad8e8edc
27,4600,8.772280216217041,0.998003,0.998008,0.0,0.0,0.0,0.0,0.0,0.0,0.001,0.0,0.999,0.05360415470525581,1876,0.00012505345299815746,2.4122532515375304e-08,2.737878414247459e-05,1.0,0,3,-1,1,0.995,0.005,100,"0,3,6",f73daebf-84cf-470b-812c-19b2ad8e8edc
28,4700,8.77991533279419,0.998003,0.998008,0.0,0.0,0.0,0.0,0.0,0.0,0.001,0.0,0.999,0.05360415470525581,1876,0.0001262399620510108,2.4402261832107197e-08,2.7638564122714364e-05,1.0,0,3,-1,1,0.995,0.005,100,"0,3,6",f73daebf-84cf-470b-812c-19b2ad8e8edc
29,5400,8.787566184997559,0.998003,0.998008,0.0,0.0,0.0,0.0,0.0,0.0,0.001,0.0,0.999,0.053604154705255806,1876,0.00013492187820547287,2.8977903736594213e-08,2.9539904940887965e-05,1.0,0,3,-1,1,0.995,0.005,100,"0,3,6",f73daebf-84cf-470b-812c-19b2ad8e8edc
30,5500,8.795214414596558,0.998003,0.998008,0.0,0.0,0.0,0.0,0.0,0.0,0.001,0.0,0.999,0.0532253975697419,1877,0.0001345956945469989,2.8759387275303298e-08,2.946846181992037e-05,1.0,0,3,-1,1,0.995,0.005,100,"0,3,6",f73daebf-84cf-470b-812c-19b2ad8e8edc
31,6400,8.802854299545288,0.998003,0.998008,0.0,0.0,0.0,0.0,0.0,0.0,0.001,0.0,0.999,0.05284563843122401,1878,0.00014935500154787426,3.6065581380276834e-08,3.270066229929193e-05,1.0,0,3,-1,1,0.995,0.005,100,"0,3,6",f73daebf-84cf-470b-812c-19b2ad8e8edc
32,6500,8.81057596206665,0.998003,0.998008,0.0,0.0,0.0,0.0,0.0,0.0,0.001,0.0,0.999,0.05284563843122401,1878,0.00014790684421777013,3.5916037415079725e-08,3.2383632246378744e-05,1.0,0,3,-1,1,0.995,0.005,100,"0,3,6",f73daebf-84cf-470b-812c-19b2ad8e8edc
33,7300,8.818227529525757,0.998003,0.998008,0.0,0.0,0.0,0.0,0.0,0.0,0.001,0.0,0.999,0.05284563843122401,1878,0.0001560105821022732,3.978785665260031e-08,3.4158276114951596e-05,1.0,0,3,-1,1,0.995,0.005,100,"0,3,6",f73daebf-84cf-470b-812c-19b2ad8e8edc
34,7400,8.825885772705078,0.998003,0.998008,0.0,0.0,0.0,0.0,0.0,0.0,0.001,0.0,0.999,0.05284563843122401,1878,0.0001563940457255813,3.996365581397059e-08,3.4242249703934405e-05,1.0,0,3,-1,1,0.995,0.005,100,"0,3,6",f73daebf-84cf-470b-812c-19b2ad8e8edc
35,7600,8.833558797836304,0.998003,0.998008,0.0,0.0,0.0,0.0,0.0,0.0,0.001,0.0,0.999,0.05284563843122401,1878,0.0001602209596996454,4.194765226425204e-08,3.508033813218259e-05,1.0,0,3,-1,1,0.995,0.005,100,"0,3,6",f73daebf-84cf-470b-812c-19b2ad8e8edc
36,7700,8.841294288635254,0.998003,0.998008,0.0,0.0,0.0,0.0,0.0,0.0,0.001,0.0,0.999,0.05284563843122401,1878,0.00016228129759573342,4.2688982472004915e-08,3.553148695037573e-05,1.0,0,3,-1,1,0.995,0.005,100,"0,3,6",f73daebf-84cf-470b-812c-19b2ad8e8edc
37,9000,8.848999738693237,0.998003,0.998008,0.0,0.0,0.0,0.0,0.0,0.0,0.001,0.0,0.999,0.05360415470525582,1876,0.00017111091104530523,4.858844308954526e-08,3.746541023200433e-05,1.0,0,3,-1,1,0.995,0.005,100,"0,3,6",f73daebf-84cf-470b-812c-19b2ad8e8edc
38,9100,8.856650590896606,0.998003,0.998008,0.0,0.0,0.0,0.0,0.0,0.0,0.001,0.0,0.999,0.0532253975697419,1877,0.00017183689762661426,4.919053790266921e-08,3.762444309266737e-05,1.0,0,3,-1,1,0.995,0.005,100,"0,3,6",f73daebf-84cf-470b-812c-19b2ad8e8edc
39,10700,8.864282608032227,0.998003,0.998008,0.0,0.0,0.0,0.0,0.0,0.0,0.001,0.0,0.999,0.053225397569741914,1877,0.0001900948898272354,5.815293388560908e-08,4.1622820440620094e-05,1.0,0,3,-1,1,0.995,0.005,100,"0,3,6",f73daebf-84cf-470b-812c-19b2ad8e8edc
40,10800,8.87195086479187,0.998003,0.998008,0.0,0.0,0.0,0.0,0.0,0.0,0.001,0.0,0.999,0.053225397569741914,1877,0.00019332261729723105,6.009340358822578e-08,4.232973867304564e-05,1.0,0,3,-1,1,0.995,0.005,100,"0,3,6",f73daebf-84cf-470b-812c-19b2ad8e8edc
41,12600,8.879597902297974,0.998003,0.998008,0.0,0.0,0.0,0.0,0.0,0.0,0.001,0.0,0.999,0.05360415470525582,1876,0.0002064343053752093,6.813384436400776e-08,4.5201414877062477e-05,1.0,0,3,-1,1,0.995,0.005,100,"0,3,6",f73daebf-84cf-470b-812c-19b2ad8e8edc
42,12700,8.887295961380005,0.998003,0.998008,0.0,0.0,0.0,0.0,0.0,0.0,0.001,0.0,0.999,0.05360415470525582,1876,0.000206120713309555,6.76313649038076e-08,4.5132674102793314e-05,1.0,0,3,-1,1,0.995,0.005,100,"0,3,6",f73daebf-84cf-470b-812c-19b2ad8e8edc
43,14700,8.894933223724365,0.998003,0.998008,0.0,0.0,0.0,0.0,0.0,0.0,0.001,0.0,0.999,0.05360415470525581,1876,0.00021783337246473504,7.4645796131508e-08,4.769790793379549e-05,1.0,0,3,-1,1,0.995,0.005,100,"0,3,6",f73daebf-84cf-470b-812c-19b2ad8e8edc
44,14800,8.902589797973633,0.998003,0.998008,0.0,0.0,0.0,0.0,0.0,0.0,0.001,0.0,0.999,0.05360415470525581,1876,0.00021797348699867917,7.558155006756134e-08,4.772875679852371e-05,1.0,0,3,-1,1,0.995,0.005,100,"0,3,6",f73daebf-84cf-470b-812c-19b2ad8e8edc
45,14900,8.910226106643677,0.998003,0.998008,0.0,0.0,0.0,0.0,0.0,0.0,0.001,0.0,0.999,0.05360415470525581,1876,0.00021797348699867917,7.558155006756134e-08,4.772875679852371e-05,1.0,0,3,-1,1,0.995,0.005,100,"0,3,6",f73daebf-84cf-470b-812c-19b2ad8e8edc
46,15000,8.917866468429565,0.998003,0.998008,0.0,0.0,0.0,0.0,0.0,0.0,0.001,0.0,0.999,0.05360415470525581,1876,0.0002168641709605229,7.59027695227838e-08,4.748598854946779e-05,1.0,0,3,-1,1,0.995,0.005,100,"0,3,6",f73daebf-84cf-470b-812c-19b2ad8e8edc
47,17700,8.925532579421997,0.998003,0.998008,0.0,0.0,0.0,0.0,0.0,0.0,0.001,0.0,0.999,0.0532253975697419,1877,0.00022896614954454633,8.500508963177245e-08,5.013684110233123e-05,1.0,0,3,-1,1,0.995,0.005,100,"0,3,6",f73daebf-84cf-470b-812c-19b2ad8e8edc
48,17800,8.933240175247192,0.998003,0.998008,0.0,0.0,0.0,0.0,0.0,0.0,0.001,0.0,0.999,0.053225397569741914,1877,0.00023424126439924205,8.828423395061235e-08,5.1292186781444704e-05,1.0,0,3,-1,1,0.995,0.005,100,"0,3,6",f73daebf-84cf-470b-812c-19b2ad8e8edc
49,20900,8.940979957580566,0.998003,0.998008,0.0,0.0,0.0,0.0,0.0,0.0,0.001,0.0,0.999,0.05170034899764629,1881,0.00025813238911447117,1.078683711308694e-07,5.652567496767261e-05,1.0,0,3,-1,1,0.995,0.005,100,"0,3,6",f73daebf-84cf-470b-812c-19b2ad8e8edc
50,21000,8.948649168014526,0.998003,0.998008,0.0,0.0,0.0,0.0,0.0,0.0,0.001,0.0,0.999,0.05131658184711237,1882,0.00026100699952286296,1.0943231211738865e-07,5.715522433485701e-05,1.0,0,3,-1,1,0.995,0.005,100,"0,3,6",f73daebf-84cf-470b-812c-19b2ad8e8edc
51,22000,8.95628833770752,0.998003,0.998008,0.0,0.0,0.0,0.0,0.0,0.0,0.001,0.0,0.999,0.05246487728970212,1879,0.00026262548236588004,1.150926828173046e-07,5.751058569962643e-05,1.0,0,3,-1,1,0.995,0.005,100,"0,3,6",f73daebf-84cf-470b-812c-19b2ad8e8edc
52,22100,8.96393895149231,0.998003,0.998008,0.0,0.0,0.0,0.0,0.0,0.0,0.001,0.0,0.999,0.05246487728970212,1879,0.00026308804779793626,1.1650004406626302e-07,5.7612108671340844e-05,1.0,0,3,-1,1,0.995,0.005,100,"0,3,6",f73daebf-84cf-470b-812c-19b2ad8e8edc
53,24700,8.971871137619019,0.998003,0.998008,0.0,0.0,0.0,0.0,0.0,0.0,0.001,0.0,0.999,0.052845638431224,1878,0.00028591567341569753,1.2956525678886858e-07,6.261155830948609e-05,1.0,0,3,-1,1,0.995,0.005,100,"0,3,6",f73daebf-84cf-470b-812c-19b2ad8e8edc
54,24800,8.979617834091187,0.998003,0.998008,0.0,0.0,0.0,0.0,0.0,0.0,0.001,0.0,0.999,0.05360415470525581,1876,0.00028640594130182305,1.302553557134773e-07,6.271900906855463e-05,1.0,0,3,-1,1,0.995,0.005,100,"0,3,6",f73daebf-84cf-470b-812c-19b2ad8e8edc
55,29300,8.987273454666138,0.998003,0.998008,0.0,0.0,0.0,0.0,0.0,0.0,0.001,0.0,0.999,0.052464877289702117,1879,0.0003281010251236023,1.6501693288556563e-07,7.18526676168048e-05,1.0,0,3,-1,1,0.995,0.005,100,"0,3,6",f73daebf-84cf-470b-812c-19b2ad8e8edc
56,29400,8.994935750961304,0.998003,0.998008,0.0,0.0,0.0,0.0,0.0,0.0,0.001,0.0,0.999,0.05208311414517622,1880,0.0003288811616809726,1.6596136032266322e-07,7.202361895042622e-05,1.0,0,3,-1,1,0.995,0.005,100,"0,3,6",f73daebf-84cf-470b-812c-19b2ad8e8edc
57,29500,9.002595663070679,0.998003,0.998008,0.0,0.0,0.0,0.0,0.0,0.0,0.001,0.0,0.999,0.05208311414517622,1880,0.0003304472470302919,1.6695159660379165e-07,7.236662317828562e-05,1.0,0,3,-1,1,0.995,0.005,100,"0,3,6",f73daebf-84cf-470b-812c-19b2ad8e8edc
58,34600,9.010248184204102,0.998003,0.998008,0.0,0.0,0.0,0.0,0.0,0.0,0.001,0.0,0.999,0.05170034899764629,1881,0.00035624490584156997,1.9624628721674798e-07,7.801929668329085e-05,1.0,0,3,-1,1,0.995,0.005,100,"0,3,6",f73daebf-84cf-470b-812c-19b2ad8e8edc
59,34700,9.017947435379028,0.998003,0.998008,0.0,0.0,0.0,0.0,0.0,0.0,0.001,0.0,0.999,0.05170034899764629,1881,0.0003568668832500019,1.9679319450703503e-07,7.815555145038175e-05,1.0,0,3,-1,1,0.995,0.005,100,"0,3,6",f73daebf-84cf-470b-812c-19b2ad8e8edc
60,36700,9.025596857070923,0.998003,0.998008,0.0,0.0,0.0,0.0,0.0,0.0,0.001,0.0,0.999,0.05131658184711237,1882,0.00035773478371246863,2.0392552629709045e-07,7.834689000465583e-05,1.0,0,3,-1,1,0.995,0.005,100,"0,3,6",f73daebf-84cf-470b-812c-19b2ad8e8edc
61,36800,9.033237934112549,0.998003,0.998008,0.0,0.0,0.0,0.0,0.0,0.0,0.001,0.0,0.999,0.05131658184711237,1882,0.00035862654582420806,2.0453445845098924e-07,7.854221242802483e-05,1.0,0,3,-1,1,0.995,0.005,100,"0,3,6",f73daebf-84cf-470b-812c-19b2ad8e8edc
62,40900,9.04090929031372,0.998003,0.998008,0.0,0.0,0.0,0.0,0.0,0.0,0.001,0.0,0.999,0.05093181269357447,1883,0.00037955334631048347,2.2019352290000827e-07,8.312606427671584e-05,1.0,0,3,-1,1,0.995,0.005,100,"0,3,6",f73daebf-84cf-470b-812c-19b2ad8e8edc
63,41000,9.048553705215454,0.998003,0.998008,0.0,0.0,0.0,0.0,0.0,0.0,0.001,0.0,0.999,0.05093181269357447,1883,0.00037955334631048347,2.2019352290000827e-07,8.312606427671584e-05,1.0,0,3,-1,1,0.995,0.005,100,"0,3,6",f73daebf-84cf-470b-812c-19b2ad8e8edc
64,44100,9.05617618560791,0.998003,0.998008,0.0,0.0,0.0,0.0,0.0,0.0,0.001,0.0,0.999,0.050159268377486584,1885,0.00039823487616102077,2.467441531985827e-07,8.722049578075518e-05,1.0,0,3,-1,1,0.995,0.005,100,"0,3,6",f73daebf-84cf-470b-812c-19b2ad8e8edc
65,44200,9.063825845718384,0.998003,0.998008,0.0,0.0,0.0,0.0,0.0,0.0,0.001,0.0,0.999,0.05054604153703253,1884,0.0003990881795640372,2.4707634889192077e-07,8.740734701285722e-05,1.0,0,3,-1,1,0.995,0.005,100,"0,3,6",f73daebf-84cf-470b-812c-19b2ad8e8edc
66,48400,9.07152247428894,0.998003,0.998008,0.0,0.0,0.0,0.0,0.0,0.0,0.001,0.0,0.999,0.05054604153703252,1884,0.00040896638744360126,2.698161999873341e-07,8.95740072894019e-05,1.0,0,3,-1,1,0.995,0.005,100,"0,3,6",f73daebf-84cf-470b-812c-19b2ad8e8edc
67,48500,9.079149961471558,0.998003,0.998008,0.0,0.0,0.0,0.0,0.0,0.0,0.001,0.0,0.999,0.05093181269357446,1883,0.0004078511207295872,2.6941437244277706e-07,8.932979905847078e-05,1.0,0,3,-1,1,0.995,0.005,100,"0,3,6",f73daebf-84cf-470b-812c-19b2ad8e8edc
68,51400,9.086790800094604,0.998003,0.998008,0.0,0.0,0.0,0.0,0.0,0.0,0.001,0.0,0.999,0.05054604153703253,1884,0.00042040705750316936,2.7937413505064723e-07,9.20801859731034e-05,1.0,0,3,-1,1,0.995,0.005,100,"0,3,6",f73daebf-84cf-470b-812c-19b2ad8e8edc
69,51500,9.094463109970093,0.998003,0.998008,0.0,0.0,0.0,0.0,0.0,0.0,0.001,0.0,0.999,0.05054604153703253,1884,0.00042040705750316936,2.7937413505064723e-07,9.20801859731034e-05,1.0,0,3,-1,1,0.995,0.005,100,"0,3,6",f73daebf-84cf-470b-812c-19b2ad8e8edc
70,57200,9.102107763290405,0.998003,0.998008,0.0,0.0,0.0,0.0,0.0,0.0,0.001,0.0,0.999,0.05093181269357446,1883,0.00041899525300565833,3.082506564218616e-07,9.177662850765877e-05,1.0,0,3,-1,1,0.995,0.005,100,"0,3,6",f73daebf-84cf-470b-812c-19b2ad8e8edc
71,57300,9.109785318374634,0.998003,0.998008,0.0,0.0,0.0,0.0,0.0,0.0,0.001,0.0,0.999,0.05131658184711237,1882,0.0004187933190657286,3.087806966939466e-07,9.173252587585983e-05,1.0,0,3,-1,1,0.995,0.005,100,"0,3,6",f73daebf-84cf-470b-812c-19b2ad8e8edc
72,58800,9.117451190948486,0.998003,0.998008,0.0,0.0,0.0,0.0,0.0,0.0,0.001,0.0,0.999,0.05054604153703252,1884,0.00042322777166937123,3.124745859844792e-07,9.270392938976241e-05,1.0,0,3,-1,1,0.995,0.005,100,"0,3,6",f73daebf-84cf-470b-812c-19b2ad8e8edc
73,58900,9.125076293945312,0.998003,0.998008,0.0,0.0,0.0,0.0,0.0,0.0,0.001,0.0,0.999,0.05054604153703252,1884,0.00042371338004653026,3.1322412341074853e-07,9.281037147563351e-05,1.0,0,3,-1,1,0.995,0.005,100,"0,3,6",f73daebf-84cf-470b-812c-19b2ad8e8edc
74,66100,9.13273811340332,0.998003,0.998008,0.0,0.0,0.0,0.0,0.0,0.0,0.001,0.0,0.999,0.04977149321493666,1886,0.0004600785904164991,3.5117272137114253e-07,0.00010077792625923217,1.0,0,3,-1,1,0.995,0.005,100,"0,3,6",f73daebf-84cf-470b-812c-19b2ad8e8edc
75,66200,9.140364408493042,0.998003,0.998008,0.0,0.0,0.0,0.0,0.0,0.0,0.001,0.0,0.999,0.04977149321493666,1886,0.00046015940633654294,3.522407904276652e-07,0.00010079581979725051,1.0,0,3,-1,1,0.995,0.005,100,"0,3,6",f73daebf-84cf-470b-812c-19b2ad8e8edc
76,67600,9.148086786270142,0.998003,0.998008,0.0,0.0,0.0,0.0,0.0,0.0,0.001,0.0,0.999,0.05015926837748659,1885,0.00045946447107149104,3.4993768277830907e-07,0.00010064326087727726,1.0,0,3,-1,1,0.995,0.005,100,"0,3,6",f73daebf-84cf-470b-812c-19b2ad8e8edc
77,67700,9.155749797821045,0.998003,0.998008,0.0,0.0,0.0,0.0,0.0,0.0,0.001,0.0,0.999,0.05015926837748659,1885,0.00045946447107149104,3.4993768277830907e-07,0.00010064326087727726,1.0,0,3,-1,1,0.995,0.005,100,"0,3,6",f73daebf-84cf-470b-812c-19b2ad8e8edc
78,73500,9.163399696350098,0.998003,0.998008,0.0,0.0,0.0,0.0,0.0,0.0,0.001,0.0,0.999,0.048210372534696844,1890,0.0004746630800904078,3.774320186065786e-07,0.00010397546031532552,1.0,0,3,-1,1,0.995,0.005,100,"0,3,6",f73daebf-84cf-470b-812c-19b2ad8e8edc
79,73600,9.171052694320679,0.998003,0.998008,0.0,0.0,0.0,0.0,0.0,0.0,0.001,0.0,0.999,0.048210372534696844,1890,0.0004746630800904078,3.774320186065786e-07,0.00010397546031532552,1.0,0,3,-1,1,0.995,0.005,100,"0,3,6",f73daebf-84cf-470b-812c-19b2ad8e8edc
80,79900,9.178707599639893,0.998003,0.998008,0.0,0.0,0.0,0.0,0.0,0.0,0.001,0.0,0.999,0.0478175873571269,1891,0.0005086682582931526,4.190645433578063e-07,0.00011142710400360909,1.0,0,3,-1,1,0.995,0.005,100,"0,3,6",f73daebf-84cf-470b-812c-19b2ad8e8edc
81,80000,9.18654727935791,0.998003,0.998008,0.0,0.0,0.0,0.0,0.0,0.0,0.001,0.0,0.999,0.0478175873571269,1891,0.0005107250390268917,4.218072886033079e-07,0.00011187785442782123,1.0,0,3,-1,1,0.995,0.005,100,"0,3,6",f73daebf-84cf-470b-812c-19b2ad8e8edc
82,80800,9.194176197052002,0.998003,0.998008,0.0,0.0,0.0,0.0,0.0,0.0,0.001,0.0,0.999,0.048210372534696844,1890,0.0005199122437486551,4.3804065890184744e-07,0.00011389201788177198,1.0,0,3,-1,1,0.995,0.005,100,"0,3,6",f73daebf-84cf-470b-812c-19b2ad8e8edc
83,80900,9.201812028884888,0.998003,0.998008,0.0,0.0,0.0,0.0,0.0,0.0,0.001,0.0,0.999,0.048210372534696844,1890,0.0005222417997209875,4.424511255079822e-07,0.00011440279567277068,1.0,0,3,-1,1,0.995,0.005,100,"0,3,6",f73daebf-84cf-470b-812c-19b2ad8e8edc
84,88200,9.209458351135254,0.998003,0.998008,0.0,0.0,0.0,0.0,0.0,0.0,0.001,0.0,0.999,0.048602155709262816,1889,0.0005448468115854873,4.889440081628263e-07,0.0001193598664176141,1.0,0,3,-1,1,0.995,0.005,100,"0,3,6",f73daebf-84cf-470b-812c-19b2ad8e8edc
85,88300,9.217162370681763,0.998003,0.998008,0.0,0.0,0.0,0.0,0.0,0.0,0.001,0.0,0.999,0.048602155709262816,1889,0.000544408386309062,4.888303521360434e-07,0.00011926387352995952,1.0,0,3,-1,1,0.995,0.005,100,"0,3,6",f73daebf-84cf-470b-812c-19b2ad8e8edc
86,94500,9.22486925125122,0.998003,0.998008,0.0,0.0,0.0,0.0,0.0,0.0,0.001,0.0,0.999,0.048210372534696844,1890,0.0005747722528368708,5.304797697383198e-07,0.00012591843730224128,1.0,0,3,-1,1,0.995,0.005,100,"0,3,6",f73daebf-84cf-470b-812c-19b2ad8e8edc
87,94600,9.232521057128906,0.998003,0.998008,0.0,0.0,0.0,0.0,0.0,0.0,0.001,0.0,0.999,0.048210372534696844,1890,0.000576365207114669,5.32385805616806e-07,0.00012626749714046825,1.0,0,3,-1,1,0.995,0.005,100,"0,3,6",f73daebf-84cf-470b-812c-19b2ad8e8edc
88,95500,9.24014949798584,0.998003,0.998008,0.0,0.0,0.0,0.0,0.0,0.0,0.001,0.0,0.999,0.048210372534696844,1890,0.0005764719746829007,5.340791884131467e-07,0.0001262911903038855,1.0,0,3,-1,1,0.995,0.005,100,"0,3,6",f73daebf-84cf-470b-812c-19b2ad8e8edc
89,95600,9.247805833816528,0.998003,0.998008,0.0,0.0,0.0,0.0,0.0,0.0,0.001,0.0,0.999,0.048210372534696844,1890,0.0005756667287726597,5.343599936948438e-07,0.00012611497532713723,1.0,0,3,-1,1,0.995,0.005,100,"0,3,6",f73daebf-84cf-470b-812c-19b2ad8e8edc
90,102900,9.25549030303955,0.998003,0.998008,0.0,0.0,0.0,0.0,0.0,0.0,0.001,0.0,0.999,0.048210372534696844,1890,0.0006092538758533058,5.781870561890637e-07,0.00013347552896496455,1.0,0,3,-1,1,0.995,0.005,100,"0,3,6",f73daebf-84cf-470b-812c-19b2ad8e8edc
91,103000,9.263192415237427,0.998003,0.998008,0.0,0.0,0.0,0.0,0.0,0.0,0.001,0.0,0.999,0.048210372534696844,1890,0.0006102486819617008,5.790612423571081e-07,0.00013369345811746418,1.0,0,3,-1,1,0.995,0.005,100,"0,3,6",f73daebf-84cf-470b-812c-19b2ad8e8edc
92,110200,9.270862817764282,0.998003,0.998008,0.0,0.0,0.0,0.0,0.0,0.0,0.001,0.0,0.999,0.049382716049382706,1887,0.0006087293022401583,5.776960815428343e-07,0.00013336060651586377,1.0,0,3,-1,1,0.995,0.005,100,"0,3,6",f73daebf-84cf-470b-812c-19b2ad8e8edc
93,110300,9.27852487564087,0.998003,0.998008,0.0,0.0,0.0,0.0,0.0,0.0,0.001,0.0,0.999,0.049382716049382706,1887,0.0006091871019338392,5.78012543377321e-07,0.0001334608789965591,1.0,0,3,-1,1,0.995,0.005,100,"0,3,6",f73daebf-84cf-470b-812c-19b2ad8e8edc
94,111700,9.286161661148071,0.998003,0.998008,0.0,0.0,0.0,0.0,0.0,0.0,0.001,0.0,0.999,0.04860215570926281,1889,0.0006130177730299751,5.898765200215454e-07,0.00013430166705506567,1.0,0,3,-1,1,0.995,0.005,100,"0,3,6",f73daebf-84cf-470b-812c-19b2ad8e8edc
95,111800,9.293808460235596,0.998003,0.998008,0.0,0.0,0.0,0.0,0.0,0.0,0.001,0.0,0.999,0.04860215570926281,1889,0.0006130177730299751,5.898765200215454e-07,0.00013430166705506567,1.0,0,3,-1,1,0.995,0.005,100,"0,3,6",f73daebf-84cf-470b-812c-19b2ad8e8edc
96,117600,9.301470041275024,0.998003,0.998008,0.0,0.0,0.0,0.0,0.0,0.0,0.001,0.0,0.999,0.04860215570926281,1889,0.0006222042519092722,6.275056476072106e-07,0.00013631973681598508,1.0,0,3,-1,1,0.995,0.005,100,"0,3,6",f73daebf-84cf-470b-812c-19b2ad8e8edc
97,117700,9.309097051620483,0.998003,0.998008,0.0,0.0,0.0,0.0,0.0,0.0,0.001,0.0,0.999,0.04899293688082476,1888,0.0006249542193814414,6.319579052866852e-07,0.00013692255062460203,1.0,0,3,-1,1,0.995,0.005,100,"0,3,6",f73daebf-84cf-470b-812c-19b2ad8e8edc
98,124900,9.316745519638062,0.99900075,0.999002,0.0,0.0,0.0,0.0,0.0,0.0,0.0005,0.0,0.9995,0.04897145921635153,1889,0.0006502995958897512,6.92087411316439e-07,0.00014248207814841665,1.0,0,3,-1,1,0.995,0.005,100,"0,3,6",f73daebf-84cf-470b-812c-19b2ad8e8edc
99,125000,9.324396848678589,0.99900075,0.999002,0.0,0.0,0.0,0.0,0.0,0.0,0.0005,0.0,0.9995,0.04897145921635153,1889,0.0006482490322018848,6.915388054467128e-07,0.00014203310552202744,1.0,0,3,-1,1,0.995,0.005,100,"0,3,6",f73daebf-84cf-470b-812c-19b2ad8e8edc
100,132000,9.33207368850708,0.99900075,0.999002,0.0,0.0,0.0,0.0,0.0,0.0,0.0005,0.0,0.9995,0.04858081867346879,1890,0.0006784739901370149,7.718368864658662e-07,0.00014866460544942108,1.0,0,3,-1,1,0.995,0.005,100,"0,3,6",f73daebf-84cf-470b-812c-19b2ad8e8edc
101,132100,9.339723587036133,0.99900075,0.999002,0.0,0.0,0.0,0.0,0.0,0.0,0.0005,0.0,0.9995,0.04858081867346879,1890,0.0006805405184456153,7.71665947764547e-07,0.00014911693601782046,1.0,0,3,-1,1,0.995,0.005,100,"0,3,6",f73daebf-84cf-470b-812c-19b2ad8e8edc
102,132200,9.34736680984497,0.99900075,0.999002,0.0,0.0,0.0,0.0,0.0,0.0,0.0005,0.0,0.9995,0.0485808186734688,1890,0.0006830559746236624,7.75157680288161e-07,0.00014966823280437446,1.0,0,3,-1,1,0.995,0.005,100,"0,3,6",f73daebf-84cf-470b-812c-19b2ad8e8edc
103,132300,9.355043172836304,0.99900075,0.999002,0.0,0.0,0.0,0.0,0.0,0.0,0.0005,0.0,0.9995,0.04858081867346879,1890,0.0006840247861651542,7.78304256261222e-07,0.0001498809035002419,1.0,0,3,-1,1,0.995,0.005,100,"0,3,6",f73daebf-84cf-470b-812c-19b2ad8e8edc
104,139600,9.362752199172974,0.998003,0.998008,0.0,0.0,0.0,0.0,0.0,0.0,0.001,0.0,0.999,0.04821037253469686,1890,0.0007069494607776805,8.315891515787598e-07,0.00015490923890303424,1.0,0,3,-1,1,0.995,0.005,100,"0,3,6",f73daebf-84cf-470b-812c-19b2ad8e8edc
105,139700,9.370437383651733,0.99900075,0.999002,0.0,0.0,0.0,0.0,0.0,0.0,0.0005,0.0,0.9995,0.048189177129835545,1891,0.0007068839584220541,8.346363209014849e-07,0.00015489547939955895,1.0,0,3,-1,1,0.995,0.005,100,"0,3,6",f73daebf-84cf-470b-812c-19b2ad8e8edc
106,146900,9.378057479858398,0.998003,0.998008,0.0,0.0,0.0,0.0,0.0,0.0,0.001,0.0,0.999,0.048210372534696844,1890,0.0007289925416452887,8.872012826928234e-07,0.00015974503560986535,1.0,0,3,-1,1,0.995,0.005,100,"0,3,6",f73daebf-84cf-470b-812c-19b2ad8e8edc
107,147000,9.385693073272705,0.99900075,0.999002,0.0,0.0,0.0,0.0,0.0,0.0,0.0005,0.0,0.9995,0.04818917712983555,1891,0.0007301620459178313,8.898211446972752e-07,0.00016000153786890575,1.0,0,3,-1,1,0.995,0.005,100,"0,3,6",f73daebf-84cf-470b-812c-19b2ad8e8edc
108,154300,9.393335819244385,0.998003,0.998008,0.0,0.0,0.0,0.0,0.0,0.0,0.001,0.0,0.999,0.048992936880824775,1888,0.0007327537436542427,9.115504692705537e-07,0.00016057298907507514,1.0,0,3,-1,1,0.995,0.005,100,"0,3,6",f73daebf-84cf-470b-812c-19b2ad8e8edc
109,154400,9.40097975730896,0.998003,0.998008,0.0,0.0,0.0,0.0,0.0,0.0,0.001,0.0,0.999,0.0493827160493827,1887,0.0007327313931271328,9.117019275391536e-07,0.00016056812532176182,1.0,0,3,-1,1,0.995,0.005,100,"0,3,6",f73daebf-84cf-470b-812c-19b2ad8e8edc
110,156000,9.408621788024902,0.998003,0.998008,0.0,0.0,0.0,0.0,0.0,0.0,0.001,0.0,0.999,0.04899293688082476,1888,0.0007367197402780051,9.208586740217197e-07,0.00016144291429491945,1.0,0,3,-1,1,0.995,0.005,100,"0,3,6",f73daebf-84cf-470b-812c-19b2ad8e8edc
111,156100,9.416257858276367,0.998003,0.998008,0.0,0.0,0.0,0.0,0.0,0.0,0.001,0.0,0.999,0.04899293688082476,1888,0.0007372697635822652,9.23341874190189e-07,0.000161563786204254,1.0,0,3,-1,1,0.995,0.005,100,"0,3,6",f73daebf-84cf-470b-812c-19b2ad8e8edc
112,161600,9.423931121826172,0.998003,0.998008,0.0,0.0,0.0,0.0,0.0,0.0,0.001,0.0,0.999,0.04938271604938269,1887,0.0007726223236689984,1.0174059241667902e-06,0.00016932033377673546,1.0,0,3,-1,1,0.995,0.005,100,"0,3,6",f73daebf-84cf-470b-812c-19b2ad8e8edc
113,161700,9.431580543518066,0.998003,0.998008,0.0,0.0,0.0,0.0,0.0,0.0,0.001,0.0,0.999,0.04938271604938269,1887,0.0007745643318377872,1.0182478296376462e-06,0.0001697455993269228,1.0,0,3,-1,1,0.995,0.005,100,"0,3,6",f73daebf-84cf-470b-812c-19b2ad8e8edc
114,169000,9.439225435256958,0.998003,0.998008,0.0,0.0,0.0,0.0,0.0,0.0,0.001,0.0,0.999,0.050546041537032516,1884,0.0008132424273607103,1.1036565202461858e-06,0.00017822846208810628,1.0,0,3,-1,1,0.995,0.005,100,"0,3,6",f73daebf-84cf-470b-812c-19b2ad8e8edc
115,169100,9.446879148483276,0.99900075,0.999002,0.0,0.0,0.0,0.0,0.0,0.0,0.0005,0.0,0.9995,0.05013737484049677,1886,0.0008126603981511806,1.1012016973537426e-06,0.00017810058947779066,1.0,0,3,-1,1,0.995,0.005,100,"0,3,6",f73daebf-84cf-470b-812c-19b2ad8e8edc
116,176300,9.45453691482544,0.99900075,0.999002,0.0,0.0,0.0,0.0,0.0,0.0,0.0005,0.0,0.9995,0.0493610987584838,1888,0.0008170806723454006,1.153199387260415e-06,0.00017907806705998769,1.0,0,3,-1,1,0.995,0.005,100,"0,3,6",f73daebf-84cf-470b-812c-19b2ad8e8edc
117,176400,9.462171792984009,0.99900075,0.999002,0.0,0.0,0.0,0.0,0.0,0.0,0.0005,0.0,0.9995,0.04974973729986553,1887,0.0008172984548219309,1.15228610388754e-06,0.00017912556612025932,1.0,0,3,-1,1,0.995,0.005,100,"0,3,6",f73daebf-84cf-470b-812c-19b2ad8e8edc
118,183700,9.469799280166626,0.99900075,0.999002,0.0,0.0,0.0,0.0,0.0,0.0,0.0005,0.0,0.9995,0.049749737299865524,1887,0.0008583818905409832,1.2355875066459989e-06,0.00018813455746568395,1.0,0,3,-1,1,0.995,0.005,100,"0,3,6",f73daebf-84cf-470b-812c-19b2ad8e8edc
119,183800,9.477606773376465,0.99900075,0.999002,0.0,0.0,0.0,0.0,0.0,0.0,0.0005,0.0,0.9995,0.049749737299865524,1887,0.0008591673213271121,1.2354700156302112e-06,0.00018830646594147462,1.0,0,3,-1,1,0.995,0.005,100,"0,3,6",f73daebf-84cf-470b-812c-19b2ad8e8edc
120,184400,9.485330820083618,0.99900075,0.999002,0.0,0.0,0.0,0.0,0.0,0.0,0.0005,0.0,0.9995,0.05013737484049676,1886,0.0008657987950842366,1.24513143322141e-06,0.00018975993121625147,1.0,0,3,-1,1,0.995,0.005,100,"0,3,6",f73daebf-84cf-470b-812c-19b2ad8e8edc
121,184500,9.492969512939453,0.99900075,0.999002,0.0,0.0,0.0,0.0,0.0,0.0,0.0005,0.0,0.9995,0.05013737484049676,1886,0.0008644864890704113,1.2462454556612334e-06,0.00018947287909408867,1.0,0,3,-1,1,0.995,0.005,100,"0,3,6",f73daebf-84cf-470b-812c-19b2ad8e8edc
122,191000,9.500685453414917,0.99900075,0.999002,0.0,0.0,0.0,0.0,0.0,0.0,0.0005,0.0,0.9995,0.04974973729986553,1887,0.0008710921336151504,1.274584868646551e-06,0.00019092423917339927,1.0,0,3,-1,1,0.995,0.005,100,"0,3,6",f73daebf-84cf-470b-812c-19b2ad8e8edc
123,191100,9.508378028869629,0.99900075,0.999002,0.0,0.0,0.0,0.0,0.0,0.0,0.0005,0.0,0.9995,0.04974973729986553,1887,0.0008726153958124553,1.2780917824410595e-06,0.00019125834758201027,1.0,0,3,-1,1,0.995,0.005,100,"0,3,6",f73daebf-84cf-470b-812c-19b2ad8e8edc
124,198400,9.51605749130249,0.99900075,0.999002,0.0,0.0,0.0,0.0,0.0,0.0,0.0005,0.0,0.9995,0.049749737299865524,1887,0.0008746268684577034,1.3114700383730564e-06,0.00019170500081268216,1.0,0,3,-1,1,0.995,0.005,100,"0,3,6",f73daebf-84cf-470b-812c-19b2ad8e8edc
125,198500,9.523738384246826,0.99900075,0.999002,0.0,0.0,0.0,0.0,0.0,0.0,0.0005,0.0,0.9995,0.049749737299865524,1887,0.0008728996991389868,1.3096741578574215e-06,0.00019132658223151714,1.0,0,3,-1,1,0.995,0.005,100,"0,3,6",f73daebf-84cf-470b-812c-19b2ad8e8edc
126,205700,9.531432151794434,0.99900075,0.999002,0.0,0.0,0.0,0.0,0.0,0.0,0.0005,0.0,0.9995,0.049749737299865524,1887,0.0009179035382762314,1.4117122244992207e-06,0.0002011973098513219,1.0,0,3,-1,1,0.995,0.005,100,"0,3,6",f73daebf-84cf-470b-812c-19b2ad8e8edc
127,205800,9.53906536102295,0.99900075,0.999002,0.0,0.0,0.0,0.0,0.0,0.0,0.0005,0.0,0.9995,0.049749737299865524,1887,0.0009171878520782567,1.411028006809542e-06,0.0002010405161412242,1.0,0,3,-1,1,0.995,0.005,100,"0,3,6",f73daebf-84cf-470b-812c-19b2ad8e8edc
128,213100,9.54671049118042,0.99900075,0.999002,0.0,0.0,0.0,0.0,0.0,0.0,0.0005,0.0,0.9995,0.04897145921635153,1889,0.0009430153035868556,1.4784412246217124e-06,0.00020670695378784083,1.0,0,3,-1,1,0.995,0.005,100,"0,3,6",f73daebf-84cf-470b-812c-19b2ad8e8edc
129,213200,9.554360389709473,0.99900075,0.999002,0.0,0.0,0.0,0.0,0.0,0.0,0.0005,0.0,0.9995,0.04897145921635153,1889,0.000944429018588072,1.4810896833448318e-06,0.0002070169192087645,1.0,0,3,-1,1,0.995,0.005,100,"0,3,6",f73daebf-84cf-470b-812c-19b2ad8e8edc
130,218000,9.562024116516113,0.99900075,0.999002,0.0,0.0,0.0,0.0,0.0,0.0,0.0005,0.0,0.9995,0.048189177129835545,1891,0.0009543553589988069,1.5216311670569878e-06,0.00020919749800657966,1.0,0,3,-1,1,0.995,0.005,100,"0,3,6",f73daebf-84cf-470b-812c-19b2ad8e8edc
131,218100,9.569679737091064,0.99900075,0.999002,0.0,0.0,0.0,0.0,0.0,0.0,0.0005,0.0,0.9995,0.048189177129835545,1891,0.000955050012665133,1.5245323204533065e-06,0.00020935010891328374,1.0,0,3,-1,1,0.995,0.005,100,"0,3,6",f73daebf-84cf-470b-812c-19b2ad8e8edc
132,220400,9.577328443527222,0.99900075,0.999002,0.0,0.0,0.0,0.0,0.0,0.0,0.0005,0.0,0.9995,0.047402891040317564,1893,0.0009629583016453419,1.55128035127065e-06,0.00021108631549690676,1.0,0,3,-1,1,0.995,0.005,100,"0,3,6",f73daebf-84cf-470b-812c-19b2ad8e8edc
133,220500,9.584963321685791,0.99900075,0.999002,0.0,0.0,0.0,0.0,0.0,0.0,0.0005,0.0,0.9995,0.047402891040317564,1893,0.0009629583016453419,1.55128035127065e-06,0.00021108631549690676,1.0,0,3,-1,1,0.995,0.005,100,"0,3,6",f73daebf-84cf-470b-812c-19b2ad8e8edc
134,227800,9.592626571655273,0.99900075,0.999002,0.0,0.0,0.0,0.0,0.0,0.0,0.0005,0.0,0.9995,0.0493610987584838,1888,0.0009980840082119142,1.6058513127835518e-06,0.00021878570114701692,1.0,0,3,-1,1,0.995,0.005,100,"0,3,6",f73daebf-84cf-470b-812c-19b2ad8e8edc
135,227900,9.600307941436768,0.99900075,0.999002,0.0,0.0,0.0,0.0,0.0,0.0,0.0005,0.0,0.9995,0.049749737299865524,1887,0.0009994880203155342,1.6101567541379877e-06,0.00021909385743035668,1.0,0,3,-1,1,0.995,0.005,100,"0,3,6",f73daebf-84cf-470b-812c-19b2ad8e8edc
136,235100,9.607985258102417,0.99900075,0.999002,0.0,0.0,0.0,0.0,0.0,0.0,0.0005,0.0,0.9995,0.048580818673468786,1890,0.0010128186762075695,1.6579345619327683e-06,0.0002220210157886042,1.0,0,3,-1,1,0.995,0.005,100,"0,3,6",f73daebf-84cf-470b-812c-19b2ad8e8edc
137,235200,9.615651845932007,0.99900075,0.999002,0.0,0.0,0.0,0.0,0.0,0.0,0.0005,0.0,0.9995,0.048580818673468786,1890,0.0010127398571438866,1.6554841823106128e-06,0.0002220032967234358,1.0,0,3,-1,1,0.995,0.005,100,"0,3,6",f73daebf-84cf-470b-812c-19b2ad8e8edc
138,242400,9.623305320739746,0.99900075,0.999002,0.0,0.0,0.0,0.0,0.0,0.0,0.0005,0.0,0.9995,0.04700824649443281,1894,0.001015591953262229,1.7240790236736506e-06,0.00022264065358359994,1.0,0,3,-1,1,0.995,0.005,100,"0,3,6",f73daebf-84cf-470b-812c-19b2ad8e8edc
139,242500,9.630946397781372,0.99900075,0.999002,0.0,0.0,0.0,0.0,0.0,0.0,0.0005,0.0,0.9995,0.047008246494432804,1894,0.00101598050160856,1.7283036208716304e-06,0.00022272650949007938,1.0,0,3,-1,1,0.995,0.005,100,"0,3,6",f73daebf-84cf-470b-812c-19b2ad8e8edc
140,249800,9.63862681388855,0.99900075,0.999002,0.0,0.0,0.0,0.0,0.0,0.0,0.0005,0.0,0.9995,0.047008246494432804,1894,0.0010577105354687326,1.8756204724816405e-06,0.0002318892041038771,1.0,0,3,-1,1,0.995,0.005,100,"0,3,6",f73daebf-84cf-470b-812c-19b2ad8e8edc
141,249900,9.646275043487549,0.99900075,0.999002,0.0,0.0,0.0,0.0,0.0,0.0,0.0005,0.0,0.9995,0.047008246494432804,1894,0.0010567615091595514,1.8726898301922452e-06,0.00023168090542276232,1.0,0,3,-1,1,0.995,0.005,100,"0,3,6",f73daebf-84cf-470b-812c-19b2ad8e8edc
142,257100,9.653939247131348,0.99900075,0.999002,0.0,0.0,0.0,0.0,0.0,0.0,0.0005,0.0,0.9995,0.047008246494432804,1894,0.0010782777770779934,1.9746345128244874e-06,0.00023641018595980942,1.0,0,3,-1,1,0.995,0.005,100,"0,3,6",f73daebf-84cf-470b-812c-19b2ad8e8edc
143,257200,9.661599159240723,0.99900075,0.999002,0.0,0.0,0.0,0.0,0.0,0.0,0.0005,0.0,0.9995,0.047008246494432804,1894,0.0010813938929498364,1.98643058513786e-06,0.0002370945449778954,1.0,0,3,-1,1,0.995,0.005,100,"0,3,6",f73daebf-84cf-470b-812c-19b2ad8e8edc
144,257700,9.669240713119507,0.99900075,0.999002,0.0,0.0,0.0,0.0,0.0,0.0,0.0005,0.0,0.9995,0.04700824649443281,1894,0.001086714615221742,1.9875968012570304e-06,0.00023825947266427818,1.0,0,3,-1,1,0.995,0.005,100,"0,3,6",f73daebf-84cf-470b-812c-19b2ad8e8edc
145,257800,9.676897525787354,0.99900075,0.999002,0.0,0.0,0.0,0.0,0.0,0.0,0.0005,0.0,0.9995,0.04700824649443281,1894,0.0010847009129146424,1.979161360045441e-06,0.00023781707049542387,1.0,0,3,-1,1,0.995,0.005,100,"0,3,6",f73daebf-84cf-470b-812c-19b2ad8e8edc
146,264500,9.684536695480347,0.99900075,0.999002,0.0,0.0,0.0,0.0,0.0,0.0,0.0005,0.0,0.9995,0.04740289104031756,1893,0.0010843456896828705,1.989595871227455e-06,0.00023774129468711358,1.0,0,3,-1,1,0.995,0.005,100,"0,3,6",f73daebf-84cf-470b-812c-19b2ad8e8edc
147,264600,9.692181825637817,0.99900075,0.999002,0.0,0.0,0.0,0.0,0.0,0.0,0.0005,0.0,0.9995,0.04779653458545181,1892,0.0010850287588900864,1.9871654502888946e-06,0.00023789035675659482,1.0,0,3,-1,1,0.995,0.005,100,"0,3,6",f73daebf-84cf-470b-812c-19b2ad8e8edc
148,271800,9.700087308883667,0.99900075,0.999002,0.0,0.0,0.0,0.0,0.0,0.0,0.0005,0.0,0.9995,0.04740289104031756,1893,0.001096131941282719,2.0591332635532637e-06,0.00024033451726686233,1.0,0,3,-1,1,0.995,0.005,100,"0,3,6",f73daebf-84cf-470b-812c-19b2ad8e8edc
149,271900,9.707956790924072,0.99900075,0.999002,0.0,0.0,0.0,0.0,0.0,0.0,0.0005,0.0,0.9995,0.04779653458545181,1892,0.0010976578326851614,2.062969043662391e-06,0.0002406692636930777,1.0,0,3,-1,1,0.995,0.005,100,"0,3,6",f73daebf-84cf-470b-812c-19b2ad8e8edc
150,279200,9.715723276138306,0.99900075,0.999002,0.0,0.0,0.0,0.0,0.0,0.0,0.0005,0.0,0.9995,0.04740289104031756,1893,0.0011157734301651047,2.1270514472170603e-06,0.0002446469436381127,1.0,0,3,-1,1,0.995,0.005,100,"0,3,6",f73daebf-84cf-470b-812c-19b2ad8e8edc
151,279300,9.723446130752563,0.99900075,0.999002,0.0,0.0,0.0,0.0,0.0,0.0,0.0005,0.0,0.9995,0.046612600947797546,1895,0.0011172710442044573,2.134032221855835e-06,0.00024497609769850835,1.0,0,3,-1,1,0.995,0.005,100,"0,3,6",f73daebf-84cf-470b-812c-19b2ad8e8edc
152,286500,9.731088876724243,0.99900075,0.999002,0.0,0.0,0.0,0.0,0.0,0.0,0.0005,0.0,0.9995,0.04740289104031756,1893,0.0011376378695336494,2.1804134003095717e-06,0.00024944320818697473,1.0,0,3,-1,1,0.995,0.005,100,"0,3,6",f73daebf-84cf-470b-812c-19b2ad8e8edc
153,286600,9.738748788833618,0.99900075,0.999002,0.0,0.0,0.0,0.0,0.0,0.0,0.0005,0.0,0.9995,0.04740289104031756,1893,0.0011383656863886982,2.183764584028531e-06,0.00024960316402145147,1.0,0,3,-1,1,0.995,0.005,100,"0,3,6",f73daebf-84cf-470b-812c-19b2ad8e8edc
154,293900,9.746387958526611,0.99900075,0.999002,0.0,0.0,0.0,0.0,0.0,0.0,0.0005,0.0,0.9995,0.04661260094779754,1895,0.001162124808198868,2.3017591749052403e-06,0.0002548264547579642,1.0,0,3,-1,1,0.995,0.005,100,"0,3,6",f73daebf-84cf-470b-812c-19b2ad8e8edc
155,294000,9.754045963287354,0.99900075,0.999002,0.0,0.0,0.0,0.0,0.0,0.0,0.0005,0.0,0.9995,0.047008246494432804,1894,0.0011630247051732454,2.304790812321798e-06,0.0002550240182167646,1.0,0,3,-1,1,0.995,0.005,100,"0,3,6",f73daebf-84cf-470b-812c-19b2ad8e8edc
156,301200,9.761683702468872,0.99900075,0.999002,0.0,0.0,0.0,0.0,0.0,0.0,0.0005,0.0,0.9995,0.047008246494432804,1894,0.0011788654705870844,2.3891349124226984e-06,0.0002585075871448731,1.0,0,3,-1,1,0.995,0.005,100,"0,3,6",f73daebf-84cf-470b-812c-19b2ad8e8edc
157,301300,9.76931881904602,0.99900075,0.999002,0.0,0.0,0.0,0.0,0.0,0.0,0.0005,0.0,0.9995,0.04661260094779754,1895,0.00117988143497074,2.392358100526733e-06,0.0002587305941541951,1.0,0,3,-1,1,0.995,0.005,100,"0,3,6",f73daebf-84cf-470b-812c-19b2ad8e8edc
158,304600,9.776975870132446,0.99900075,0.999002,0.0,0.0,0.0,0.0,0.0,0.0,0.0005,0.0,0.9995,0.04621595440041182,1896,0.001181094140954721,2.39006103845223e-06,0.0002589956190522944,1.0,0,3,-1,1,0.995,0.005,100,"0,3,6",f73daebf-84cf-470b-812c-19b2ad8e8edc
159,304700,9.784641981124878,0.99900075,0.999002,0.0,0.0,0.0,0.0,0.0,0.0,0.0005,0.0,0.9995,0.04621595440041182,1896,0.001181094140954721,2.39006103845223e-06,0.0002589956190522944,1.0,0,3,-1,1,0.995,0.005,100,"0,3,6",f73daebf-84cf-470b-812c-19b2ad8e8edc
160,308600,9.792284488677979,0.99900075,0.999002,0.0,0.0,0.0,0.0,0.0,0.0,0.0005,0.0,0.9995,0.04581830685227556,1897,0.001185086668900613,2.4452493530330462e-06,0.0002598800691994205,1.0,0,3,-1,1,0.995,0.005,100,"0,3,6",f73daebf-84cf-470b-812c-19b2ad8e8edc
161,308700,9.799944162368774,0.99900075,0.999002,0.0,0.0,0.0,0.0,0.0,0.0,0.0005,0.0,0.9995,0.04621595440041182,1896,0.0011871370416008254,2.4462002058885416e-06,0.0002603290764455395,1.0,0,3,-1,1,0.995,0.005,100,"0,3,6",f73daebf-84cf-470b-812c-19b2ad8e8edc
162,315900,9.807652950286865,0.99900075,0.999002,0.0,0.0,0.0,0.0,0.0,0.0,0.0005,0.0,0.9995,0.0454196583033888,1898,0.001199788090954253,2.5128203084070572e-06,0.00026311104896848336,1.0,0,3,-1,1,0.995,0.005,100,"0,3,6",f73daebf-84cf-470b-812c-19b2ad8e8edc
163,316000,9.815386533737183,0.99900075,0.999002,0.0,0.0,0.0,0.0,0.0,0.0,0.0005,0.0,0.9995,0.0454196583033888,1898,0.001199788090954253,2.5128203084070572e-06,0.00026311104896848336,1.0,0,3,-1,1,0.995,0.005,100,"0,3,6",f73daebf-84cf-470b-812c-19b2ad8e8edc
164,323300,9.823054313659668,0.99900075,0.999002,0.0,0.0,0.0,0.0,0.0,0.0,0.0005,0.0,0.9995,0.045020008753751554,1899,0.0012187208919248525,2.6451578584631266e-06,0.00026728058323545825,1.0,0,3,-1,1,0.995,0.005,100,"0,3,6",f73daebf-84cf-470b-812c-19b2ad8e8edc
165,323400,9.83076286315918,0.99900075,0.999002,0.0,0.0,0.0,0.0,0.0,0.0,0.0005,0.0,0.9995,0.045020008753751554,1899,0.0012206759369356637,2.647500290244251e-06,0.00026770898765036315,1.0,0,3,-1,1,0.995,0.005,100,"0,3,6",f73daebf-84cf-470b-812c-19b2ad8e8edc
166,330600,9.838484525680542,0.99900075,0.999002,0.0,0.0,0.0,0.0,0.0,0.0,0.0005,0.0,0.9995,0.0454196583033888,1898,0.0012338155615171454,2.669023229772347e-06,0.0002705893408297599,1.0,0,3,-1,1,0.995,0.005,100,"0,3,6",f73daebf-84cf-470b-812c-19b2ad8e8edc
167,330700,9.846192598342896,0.99900075,0.999002,0.0,0.0,0.0,0.0,0.0,0.0,0.0005,0.0,0.9995,0.0454196583033888,1898,0.001232439331457871,2.66340914004167e-06,0.0002702870173927359,1.0,0,3,-1,1,0.995,0.005,100,"0,3,6",f73daebf-84cf-470b-812c-19b2ad8e8edc
168,338000,9.853850603103638,0.99900075,0.999002,0.0,0.0,0.0,0.0,0.0,0.0,0.0005,0.0,0.9995,0.045419658303388795,1898,0.00127271381399502,2.814912323188474e-06,0.0002791318872249157,1.0,0,3,-1,1,0.995,0.005,100,"0,3,6",f73daebf-84cf-470b-812c-19b2ad8e8edc
169,338100,9.861498355865479,0.99900075,0.999002,0.0,0.0,0.0,0.0,0.0,0.0,0.0005,0.0,0.9995,0.04502000875375156,1899,0.0012725850404580856,2.817322901040358e-06,0.00027910415670747264,1.0,0,3,-1,1,0.995,0.005,100,"0,3,6",f73daebf-84cf-470b-812c-19b2ad8e8edc
170,345300,9.86914610862732,0.99900075,0.999002,0.0,0.0,0.0,0.0,0.0,0.0,0.0005,0.0,0.9995,0.04421770665222555,1901,0.0012849087069679143,2.8880348689524487e-06,0.00028181524258037743,1.0,0,3,-1,1,0.995,0.005,100,"0,3,6",f73daebf-84cf-470b-812c-19b2ad8e8edc
171,345400,9.876789808273315,0.99900075,0.999002,0.0,0.0,0.0,0.0,0.0,0.0,0.0005,0.0,0.9995,0.04421770665222555,1901,0.0012849593493803415,2.8940907405115277e-06,0.000281827478820054,1.0,0,3,-1,1,0.995,0.005,100,"0,3,6",f73daebf-84cf-470b-812c-19b2ad8e8edc
172,352700,9.884435653686523,0.99900075,0.999002,0.0,0.0,0.0,0.0,0.0,0.0,0.0005,0.0,0.9995,0.044217706652225554,1901,0.001295102832444955,2.9355950244076783e-06,0.00028405577307683813,1.0,0,3,-1,1,0.995,0.005,100,"0,3,6",f73daebf-84cf-470b-812c-19b2ad8e8edc
173,352800,9.892073154449463,0.99900075,0.999002,0.0,0.0,0.0,0.0,0.0,0.0,0.0005,0.0,0.9995,0.044217706652225554,1901,0.001294757317880621,2.9358895038473598e-06,0.000283980195889799,1.0,0,3,-1,1,0.995,0.005,100,"0,3,6",f73daebf-84cf-470b-812c-19b2ad8e8edc
174,360000,9.899681091308594,0.99900075,0.999002,0.0,0.0,0.0,0.0,0.0,0.0,0.0005,0.0,0.9995,0.04461935820336381,1900,0.0013201191860427062,2.996048189220491e-06,0.0002895433389807003,1.0,0,3,-1,1,0.995,0.005,100,"0,3,6",f73daebf-84cf-470b-812c-19b2ad8e8edc
